Nombre,location_name,city,company,reviews
Jhonatan Soto,Laureles,,Mekong,166
CARLOS ALBERTO TORRES CASTAÑO,Laureles,,Voraz,80
Luis Aponte,Arkadia,,La Causa,68
Germán Gallego,Le Mont,,La Causa,64
Estefany Alvarez,Contenedores,,Lavocadería,58
EDISON SANTIAGO,Kuro Sushi Bar,,Kuro,57
DANIEL PACHECO ROJAS,Medellín,,Maximo,57
Carolina Macias Cuassi,Laureles,,Lavocadería,53
NEYDER ALONSO CASTRO BURGOS,Laureles,,Mekong,52
Erika Romero,Poblado,,La Causa,51
JOHANA GIRALDO,Cartagena,,Niku,51
Simón benavides,Indiana,MEDELLIN,Chez Migu,50
MATEO CARRILLO RODRIGUEZ,Laureles,,Mekong,47
JORGE LUIS BARBOZA OROZCO,Medellín,,Maximo,46
Isabel hoyos,Indiana,MEDELLIN,Chez Migu,44
SARA MELISA PARRA CANO,Medellín,,Maximo,44
JAVIER ALEJANDRO CARDENAS APON,Laureles,,Delirio,40
JAQUICH SARITH PEREZ VASQUEZ,Laureles,,Voraz,40
KELLY JHOJANA ORTIZ ACEVEDO,Viva Envigado,,Mekong,39
Klisman Flores,Viva Envigado,,La Causa,37
BONNY DURAN,Kuro Sushi Bar,,Kuro,36
ROSANA ANDREINA GUTIERREZ MONTES,Medellín,,Maximo,34
Luis Arcias,San Lucas,,La Causa,33
Manuel ignacio Blandon atehortua,Medellín,,Niku,32
Jhon eliécer Zapata Ciro,Poblado,,La Causa,31
BEYKER MARRUGO PINEDA,Poblado,,Mekong,31
Mailet Santoro,Laureles,,La Causa,27
Jonaiker alberto Vera medina,Viva Envigado,,La Causa,27
YOJANA ANDREINA GERARDINO NAVA,Medellín,,Maximo,25
DUVAN ARLEY CARO TAMAYO,Viva Envigado,,Mekong,25
LEONARDO HERRERA CORREA,Laureles,,Voraz,25
PAHOLA CARPIO,Kuro Sushi Bar,,Kuro,24
JOHAN LOPEZ VANEGAS,Viva Envigado,,Mekong,24
DIEGO CORREA MELO,Cartagena,,Maximo,23
Fabio sarria,Indiana,MEDELLIN,Chez Migu,22
Gilberto Gonzalez,Llanogrande,,La Causa,21
Diego Juan Hernandez,Viva Envigado,,La Causa,21
José de Jesús Carvajal pantaleon,Laureles,,La Causa,20
KEVIN ZAPATA MOLINA,Poblado,,Mekong,19
Erick agudelo,Indiana,MEDELLIN,Chez Migu,18
Sandra milena Rodas  durango,Laureles,,La Causa,18
LINA MARIA VANEGAS NORENA,Llanogrande,,La Causa,17
MILAGRO GAMERO,Llanogrande,,La Causa,17
RAMIRO JIMENEZ,Cartagena,,Niku,17
Juan Esteban Correa Rivera,San Lucas,,La Causa,16
Axel smith Diaz sanchez,Medellín,,Niku,16
DANIEL ARTURO CEDEÑO ESCALONA,Laureles,,Voraz,16
David curvelo,Medellín,MEDELLIN,Chez Migu,15
julian jaramillo,Medellín,MEDELLIN,Chez Migu,15
César Arango Carmona,Llanogrande,,La Causa,15
Mateo Altamiranda,San Lucas,,La Causa,15
Kevin Yesid Macías Palacio,Viva Envigado,,La Causa,15
Andres alfonso Rodriguez perez,Medellín,,Niku,15
Carlos martinez,Medellín,MEDELLIN,Chez Migu,14
BRANDY YULEISI ORTEGA NIETO,Cartagena,,Maximo,14
Yonairy Peña,Arkadia,,La Causa,13
Sebastian Velez,Laureles,,Lavocadería,13
ESTEBAN ELIAS NAVA ALBORNOZ,Medellín,,Maximo,13
KENNY VALDIVIEZO,Kuro Sushi Bar,,Kuro,12
Deicy Moreno,Llanogrande,,La Causa,12
Andrés Felipe Arango Agudelo,San Lucas,,La Causa,12
Henry Josue Angarita Pereira,Viva Envigado,,La Causa,12
José Zavala,Contenedores,,Lavocadería,12
DEIRIS DEL CARMEN PARDO BENITEZ,Cartagena,,Maximo,12
DIANA DEL CARMEN MARTINEZ BERNAL,Cartagena,,Maximo,12
MARTHA CECILIA ARIAS CABARCAS,Cartagena,,Maximo,12
ESTEFANY HENAO,Kuro Sushi Bar,,Kuro,11
STIVEN CARDONA,Kuro Sushi Bar,,Kuro,11
TATIANA MARTINEZ,Cartagena,,Niku,11
Leidy Vásquez,Indiana,MEDELLIN,Chez Migu,10
Katherine Cardona,San Lucas,,La Causa,10
RAUL ORLANDO CARREÑO CONTRERAS,Cartagena,,Maximo,10
BEYKER MARRUGO PINEDA,Laureles,,Mekong,10
William Eduardo Díaz Chacón,Poblado,,Mekong,10
DAYERLING ANDREINA FLORES MONT,Laureles,,Delirio,9
Nayeli Salas,Llanogrande,,La Causa,9
ORLAN LUIS OROZCO MARQUEZ,Cartagena,,Maximo,9
Lorenzo Diaz,Laureles,,La Causa,8
Sara Montoya,Llanogrande,,La Causa,8
Meily Tatiana Aldana Peña,Poblado,,La Causa,8
CHRISTIAN POMARES,Cartagena,,Niku,8
YOSELIN CAISEDO,Cartagena,,Niku,8
Rinelkis carolina Prieto diaz,Medellín,,Niku,8
Daniela Casanova,Arkadia,,La Causa,7
Walter Machado,Arkadia,,La Causa,7
Alexander Cano,Viva Envigado,,La Causa,7
Yolaici Atencia,Viva Envigado,,La Causa,7
Jeanpierre FERRER Mosquera,San Lucas,,Lavocadería,7
Jhonatan Soto,Poblado,,Mekong,7
LINA AVILA,Cartagena,,Niku,7
RONALD BONFANTE,Cartagena,,Niku,7
Andrea Bolivar,Rúnico,,Rúnico,7
CARLOS GIRALDO,CasaSolea,,CasaSolea,6
Sandra Milena Cano Rodríguez,Laureles,,La Causa,6
Alejandro Acevedo,Le Mont,,La Causa,6
Estefania Monsalve,Le Mont,,La Causa,6
Donelis Balza,Llanogrande,,La Causa,6
Victor Orozco,Llanogrande,,La Causa,6
LUIS ALEXIS TEJERA RODRIGUEZ,Viva Envigado,,Mekong,6
ALEJANDRO Marin,Cartagena,,Niku,6
Darwin abdul Zuleta samper,Medellín,,Niku,6
JOHANA GIRALDO,Medellín,,Niku,6
ANDRES RUIZ,Sandagua hotel y restaurante,,Sandagua,6
Liliana Sanchez,Envigado,,Smash Avocadería,6
daniela durango,Medellín,MEDELLIN,Chez Migu,5
Juan Diego Ordoñez,Poblado,,La Causa,5
miguel Agustín,San Lucas,,La Causa,5
Juliana Gil,Laureles,,Lavocadería,5
Laura Correa,Manila,,Lavocadería,5
ROSANA ANDREINA GUTIERREZ MONTES,Cartagena,,Maximo,5
Ana Strauss,ONI Nikkei,,ONI Nikkei,5
Jinalbert alfonso Velásquez contreras,ONI Nikkei,,ONI Nikkei,5
Hector Andres Forero Fajardo,Bogotá,BOGOTA,Chez Migu,4
Jhon eliécer Zapata Ciro,Le Mont,,La Causa,4
Brayan Arbelaez,Llanogrande,,La Causa,4
Jonaiker alberto Vera medina,Poblado,,La Causa,4
Brandon Colorado,San Lucas,,La Causa,4
Klisman Flores,San Lucas,,La Causa,4
Orlando Adan,San Lucas,,La Causa,4
Luis Aponte,Viva Envigado,,La Causa,4
Mónica Hinestroza Muñoz,Manila,,Lavocadería,4
MATEO CARRILLO RODRIGUEZ,Poblado,,Mekong,4
Henry jesus Landazabal medina,Medellín,,Niku,4
Angel Betancourt,Rúnico,,Rúnico,4
Valentina Florez,BOH Collection,,BOH Collection,3
Juan Gabriel Melendez Baute,Bogotá,BOGOTA,Chez Migu,3
Carlos martinez,Indiana,MEDELLIN,Chez Migu,3
David curvelo,Indiana,MEDELLIN,Chez Migu,3
KEVIN GONZALO QUINTANA PLANCHA,Laureles,,Delirio,3
ANDRES ALVAREZ,Kuro Sushi Bar,,Kuro,3
Gilberto Gonzalez,Arkadia,,La Causa,3
Elis Rojas,Laureles,,La Causa,3
jymmy martinez,Laureles,,La Causa,3
Oscar Lopez,Llanogrande,,La Causa,3
Yeison Ocampo,Llanogrande,,La Causa,3
Marbelys Terán,Viva Envigado,,La Causa,3
Angélica Aristizabal,Floresta,,Lavocadería,3
Estefany Alvarez,Laureles,,Lavocadería,3
DANIEL PACHECO ROJAS,Cartagena,,Maximo,3
YOJANA ANDREINA GERARDINO NAVA,Cartagena,,Maximo,3
DIANA DEL CARMEN MARTINEZ BERNAL,Medellín,,Maximo,3
DUVAN ARLEY CARO TAMAYO,Laureles,,Mekong,3
KEVIN ZAPATA MOLINA,Laureles,,Mekong,3
Jhonatan Soto,Viva Envigado,,Mekong,3
RAMIRO JIMENEZ,Medellín,,Niku,3
Roberto alejandro Suarez rangel,Medellín,,Niku,3
Yonatan Taborda betancur,Medellín,,Niku,3
Marlon Jose Carreño Fernandez,Bogotá,BOGOTA,Chez Migu,2
Fabio sarria,Medellín,MEDELLIN,Chez Migu,2
Simón benavides,Medellín,MEDELLIN,Chez Migu,2
Jeisson Quintero,Arkadia,,La Causa,2
Jhon eliécer Zapata Ciro,Arkadia,,La Causa,2
Victor Orozco,Arkadia,,La Causa,2
Deicy Moreno,Laureles,,La Causa,2
Estefania Monsalve,Laureles,,La Causa,2
Andrés Felipe Arango Agudelo,Le Mont,,La Causa,2
Valentina Ossa,Le Mont,,La Causa,2
Yonairy Peña,Le Mont,,La Causa,2
Edwin Morales valencia,Llanogrande,,La Causa,2
Erika Romero,Llanogrande,,La Causa,2
Juan Esteban Correa Rivera,Llanogrande,,La Causa,2
miguel Agustín,Llanogrande,,La Causa,2
Alexander Cano,Poblado,,La Causa,2
Diego Juan Hernandez,Poblado,,La Causa,2
José de Jesús Carvajal pantaleon,San Lucas,,La Causa,2
Luis Aponte,San Lucas,,La Causa,2
Yeison Ocampo,San Lucas,,La Causa,2
Gilberto Gonzalez,Viva Envigado,,La Causa,2
José de Jesús Carvajal pantaleon,Viva Envigado,,La Causa,2
María José Cano,Contenedores,,Lavocadería,2
Estefany Alvarez,San Lucas,,Lavocadería,2
LICETH PAOLA BARRIOS GUTIERREZ,Cartagena,,Maximo,2
DIEGO CORREA MELO,Medellín,,Maximo,2
MARTHA CECILIA ARIAS CABARCAS,Medellín,,Maximo,2
RAUL ORLANDO CARREÑO CONTRERAS,Medellín,,Maximo,2
JOHAN LOPEZ VANEGAS,Laureles,,Mekong,2
NEYDER ALONSO CASTRO BURGOS,Viva Envigado,,Mekong,2
Axel smith Diaz sanchez,Cartagena,,Niku,2
Darwin abdul Zuleta samper,Cartagena,,Niku,2
Manuel ignacio Blandon atehortua,Cartagena,,Niku,2
Rinelkis carolina Prieto diaz,Cartagena,,Niku,2
CHRISTIAN POMARES,Medellín,,Niku,2
Luisa Hernadez,Envigado,,Smash Avocadería,2
Marisabel Hernandez,Envigado,,Smash Avocadería,2
Carlos martinez,Bogotá,BOGOTA,Chez Migu,1
David curvelo,Bogotá,BOGOTA,Chez Migu,1
Fabio sarria,Bogotá,BOGOTA,Chez Migu,1
Isabel hoyos,Bogotá,BOGOTA,Chez Migu,1
julian jaramillo,Indiana,MEDELLIN,Chez Migu,1
Giovanna zapata,Medellín,MEDELLIN,Chez Migu,1
Isabel hoyos,Medellín,MEDELLIN,Chez Migu,1
Raquel Rodríguez,Medellín,,General Café,1
Germán Gallego,Arkadia,,La Causa,1
Jonaiker alberto Vera medina,Arkadia,,La Causa,1
Klisman Flores,Arkadia,,La Causa,1
Luis Arcias,Arkadia,,La Causa,1
Meily Tatiana Aldana Peña,Arkadia,,La Causa,1
Alexander Cano,Laureles,,La Causa,1
Angel Palacio,Laureles,,La Causa,1
Diego Juan Hernandez,Laureles,,La Causa,1
Erika Romero,Laureles,,La Causa,1
Kevin Yesid Macías Palacio,Laureles,,La Causa,1
Luis Aponte,Laureles,,La Causa,1
Luis Arcias,Laureles,,La Causa,1
Mateo Altamiranda,Laureles,,La Causa,1
Meily Tatiana Aldana Peña,Laureles,,La Causa,1
Nayeli Salas,Laureles,,La Causa,1
Victor Orozco,Laureles,,La Causa,1
Brandon Colorado,Le Mont,,La Causa,1
Erika Romero,Le Mont,,La Causa,1
Jonaiker alberto Vera medina,Le Mont,,La Causa,1
Juan Esteban Correa Rivera,Le Mont,,La Causa,1
Klisman Flores,Le Mont,,La Causa,1
Lorenzo Diaz,Le Mont,,La Causa,1
Meily Tatiana Aldana Peña,Le Mont,,La Causa,1
MILAGRO GAMERO,Le Mont,,La Causa,1
Nayeli Salas,Le Mont,,La Causa,1
Sebastian Santamaria,Le Mont,,La Causa,1
Alexander Cano,Llanogrande,,La Causa,1
Brandon Colorado,Llanogrande,,La Causa,1
Estefania Monsalve,Llanogrande,,La Causa,1
Jhon eliécer Zapata Ciro,Llanogrande,,La Causa,1
Lorenzo Diaz,Llanogrande,,La Causa,1
Luis Aponte,Llanogrande,,La Causa,1
Mailet Santoro,Llanogrande,,La Causa,1
Orlando Adan,Llanogrande,,La Causa,1
Sandra milena Rodas  durango,Llanogrande,,La Causa,1
Brandon Colorado,Poblado,,La Causa,1
Elis Rojas,Poblado,,La Causa,1
Germán Gallego,Poblado,,La Causa,1
Gilberto Gonzalez,Poblado,,La Causa,1
Henry Josue Angarita Pereira,Poblado,,La Causa,1
José de Jesús Carvajal pantaleon,Poblado,,La Causa,1
Klisman Flores,Poblado,,La Causa,1
Luis Aponte,Poblado,,La Causa,1
Mailet Santoro,Poblado,,La Causa,1
Nayeli Salas,Poblado,,La Causa,1
Sandra Milena Cano Rodríguez,Poblado,,La Causa,1
Sara Montoya,Poblado,,La Causa,1
Yonairy Peña,Poblado,,La Causa,1
Alexander Cano,San Lucas,,La Causa,1
Diego Juan Hernandez,San Lucas,,La Causa,1
Edwin Morales valencia,San Lucas,,La Causa,1
Germán Gallego,San Lucas,,La Causa,1
Juan Diego Ordoñez,San Lucas,,La Causa,1
LINA MARIA VANEGAS NORENA,San Lucas,,La Causa,1
Mailet Santoro,San Lucas,,La Causa,1
Sara Montoya,San Lucas,,La Causa,1
Victor Orozco,San Lucas,,La Causa,1
Walter Machado,San Lucas,,La Causa,1
Alejandro Acevedo,Viva Envigado,,La Causa,1
Erika Romero,Viva Envigado,,La Causa,1
Estefania Monsalve,Viva Envigado,,La Causa,1
Germán Gallego,Viva Envigado,,La Causa,1
Jhon eliécer Zapata Ciro,Viva Envigado,,La Causa,1
Katherine Cardona,Viva Envigado,,La Causa,1
Meily Tatiana Aldana Peña,Viva Envigado,,La Causa,1
Carolina Macias Cuassi,Contenedores,,Lavocadería,1
Jeanpierre FERRER Mosquera,Contenedores,,Lavocadería,1
Mariana Marin Castaño,Contenedores,,Lavocadería,1
Carolina Macias Cuassi,Floresta,,Lavocadería,1
Estefany Alvarez,Floresta,,Lavocadería,1
José Zavala,Floresta,,Lavocadería,1
Carolina Macias Cuassi,Manila,,Lavocadería,1
Estefany Alvarez,Manila,,Lavocadería,1
JORGE LUIS BARBOZA OROZCO,Cartagena,,Maximo,1
SARA MELISA PARRA CANO,Cartagena,,Maximo,1
BRANDY YULEISI ORTEGA NIETO,Medellín,,Maximo,1
DEIRIS DEL CARMEN PARDO BENITEZ,Medellín,,Maximo,1
JOSE ALEJANDRO ROJAS SERRADA,Medellín,,Maximo,1
JOSE ELI GUERRERO RIVAS,Medellín,,Maximo,1
ORLAN LUIS OROZCO MARQUEZ,Medellín,,Maximo,1
SONIA LIZETH FORERO LEON,Medellín,,Maximo,1
William Eduardo Díaz Chacón,Laureles,,Mekong,1
DUVAN ARLEY CARO TAMAYO,Poblado,,Mekong,1
JOHAN LOPEZ VANEGAS,Poblado,,Mekong,1
NEYDER ALONSO CASTRO BURGOS,Poblado,,Mekong,1
BEYKER MARRUGO PINEDA,Viva Envigado,,Mekong,1
Andres alfonso Rodriguez perez,Cartagena,,Niku,1
Henry jesus Landazabal medina,Cartagena,,Niku,1
MIGUEL BERDUGO,Cartagena,,Niku,1
Yonatan Taborda betancur,Cartagena,,Niku,1
ALEJANDRO Marin,Medellín,,Niku,1
RONALD BONFANTE,Medellín,,Niku,1
TATIANA MARTINEZ,Medellín,,Niku,1
YOSELIN CAISEDO,Medellín,,Niku,1
Lorena Guzman,Rúnico,,Rúnico,1
Luis Rivero,Rúnico,,Rúnico,1
Rosa Osorio,Rúnico,,Rúnico,1
Erika Prada,Envigado,,Smash Avocadería,1
Sindy Stephany Sanchez Uribe,Envigado,,Smash Avocadería,1
Kelly Yuliana Tobon pulgarin,Laureles,,Smash Avocadería,1
