Player id,Games played,Max score,Empresa,Tickets actuales,Player
8e767216-270b-4d13-980d-dfbbcc461b28,46,70,Niku,62,Yosselin Caicedo cuesta
735ce9ee-ec6a-4865-a502-056861f95ae9,39,40,Mimos,107,Daniela Polo
3dfe1c1d-e5a0-486b-847b-bf557746b5c2,39,33,Mimos,159,Yulibeth CHOPERENA
02d18896-2c4b-4264-b45d-961862e9b695,39,55,Mimos,103,Britney Guerrero
d033edd2-3074-4bea-8fcb-7d786886540f,38,260,Lavocadería,1865,Daniel Alvarez hernandez
c89a3ee1-a762-4d5a-92b2-12147b4c3be3,38,65,Smash Avocadería,147,Kelly Yuliana Tobon pulgarin
30c163f3-4bc3-4a27-8065-e63b6e7622fd,38,36,Lavocadería,271,Rosvely Gonzalez
b6e1b26a-33c2-4533-a02d-2df9c9a20afe,38,51,Lavocadería,791,Mauricio Maya Agudelo
ada66d16-e769-4ab9-afd6-65facc0cea91,38,203,Lavocadería,1024,Juliana Gil
88c13002-32aa-4d99-b33f-04c8edcd648f,38,466,Mimos,102,Santiago Mena
f7dcb8ae-b618-4979-8376-ca838bd33f5b,37,32,Mimos,38,Dayana Salas nurillo
ae2150ec-f2bc-49eb-b347-d014bf48d497,37,51,Smash Avocadería,328,Sonia Garcia
0186bbff-4f1b-4111-935a-33bb3629ef44,37,132,Lavocadería,476,Jeanpierre FERRER Mosquera
18fc0fd3-1cf6-4753-a471-e1d4b5cca733,37,54,Smash Avocadería,632,Giseth Yohana Rosales
8cc71741-0d3c-4e35-aa1f-fa85e9ae034f,37,57,Lavocadería,874,Keyla Beltran
a5803634-8406-448f-b97f-8dfda48086eb,37,64,Smash Avocadería,196,Sindy Stephany Sanchez Uribe
2bc16ef9-10bd-4e9f-82db-15f274987153,37,55,Smash Avocadería,328,Liliana Sanchez
1e574c86-ba59-49b2-a43e-1e3f0a0db674,37,36,Mimos,91,Marielis Michell Villa
5ba28f89-5cba-4fc1-905e-fef0b7e1aaae,37,308,Mimos,118,Mario Oquendo
b1b95e4f-e9fc-4cef-ba88-348896c0e524,37,56,Smash Avocadería,296,María Angélica Caicedo duque
e01ea8c7-196a-4cf3-b1ef-a84dd80716d9,36,85,Smash Avocadería,223,Isabel Cristina Arrieta Bracamonte
05691069-755c-4646-bcc4-52dad7e03e15,36,41,Mimos,102,Sule ZPalaciosvalencia
101856e3-afe0-427b-bb80-18e77f712e6c,36,71,Mimos,78,Valery andrea Patiño payares
10365189-0487-4e37-a94f-0dabe82f2ee3,36,75,Smash Avocadería,137,Karol Rondón
174c4c23-a690-43f1-ab39-5d0ae43b6250,36,53,Maximo,28,Lizardo Cossio
2959831d-8703-4942-8c3c-53d8192c038a,36,52,Mimos,65,Iveth Tuay
2c67eac8-32cb-40bb-87fd-e98bfe0e04b0,36,48,Lavocadería,295,Vanessa Velez
3c86eae5-9649-4b71-be23-1a64f07cf567,36,69,Smash Avocadería,182,Maroli Beltran
40698752-e0c0-4ec6-8085-69f7d0979eb9,36,39,Smash Avocadería,144,NilkA Montilla
43d47186-4729-4f76-9f76-a4547ba5ddde,36,47,Smash Avocadería,249,Luisa Hernadez
47470bb3-1246-4325-95c8-bf3f39b5b98a,36,83,Lavocadería,254,Sebastian Velez
6e58fe70-d290-48ff-bae6-9be7339e3f7d,36,117,Smash Avocadería,671,Aída Fernanda Larios Daza
7f42e200-c15b-4b91-a0a1-08734d59548e,36,59,Smash Avocadería,566,Erika Prada
87b87424-9857-470a-ae84-6d559db49b23,36,120,Lavocadería,871,Carolina Macias Cuassi
a1d60fa3-32e4-4641-bfd2-fee7bd8ebeac,36,146,Lavocadería,484,Adriannis Cervantes
ffc2d3c8-dd1d-4323-8fb7-89c68535886a,35,79,Lavocadería,302,Mariana Marin Castaño
85bd0106-ed5c-49ce-889b-5cb28ce7112d,35,35,Mimos,71,Yasleidy alexandra Meléndez caicedo
4e5a87d3-3979-48a7-a7eb-226557e31332,35,37,Mimos,74,Wiston Vasquez
0784d5a6-3c51-4a38-be9e-35740fa03be8,35,109,Smash Avocadería,266,Karen Ruendes
4303fd7e-f6dd-434e-a1f9-bf0c41b8bf35,35,36,General Café,461,Alejandra Amaya Torres
fe371365-3469-485f-9b31-6f4af62792a1,35,51,Smash Avocadería,138,Liliana del Carmen Chanagá Barrera
a1b5712e-a975-4ab2-81c8-a90177e2d457,35,39,Mimos,133,Jesus David Canabal
4e783f2a-0d88-4eca-98cb-c53443cfd73a,34,35,General Café,44,Luz Mariana Ruiz Rendón
eb8e4e7e-8fe6-474a-85a0-baac940aea6f,34,79,Lavocadería,542,Estefany Alvarez
13ef23bf-f1d9-40c1-9d37-441b21f8ca92,34,45,Mimos,38,Yuribeth Rangel
87414dff-898d-4cef-b2f3-b9ac342cddb5,34,44,Smash Avocadería,186,Kelly Velásquez
86a45a7e-c34f-4bde-bdca-d66727d9a012,33,74,Lavocadería,795,Mónica Hinestroza Muñoz
649de220-d93a-45b9-b9e2-f0e68d17a55b,33,46,Mimos,26,Luisa Alarcon
cdd18796-c82c-4f71-9387-d69eec770fd0,33,39,Maximo,115,Sara Melisa Parra cano
ca58589c-8c67-4f75-89be-f9f0fa41d4f9,33,117,Maximo,138,Sonia Lizeth Forero león
2665d806-012e-473d-9b65-c6cf982c53e9,32,43,Mimos,89,Luisa Vergara
829a3f72-1fea-4857-9428-a2cbc3b88c9e,32,49,Smash Avocadería,215,Aliany Gutierrez
0bf16d74-d2fc-4e90-8647-223d4b5ca041,32,65,Maximo,132,Yojana Gerardino
4ed4eb9e-fe8e-441a-abb7-8eecbece8107,31,49,Smash Avocadería,131,Rosnagel Zea
6ddf9b1b-7659-4c0c-ae66-e0c241602ba5,31,52,ONI Nikkei,98,Samuel Cordoba
87f6406c-88e8-460c-a1c3-1baf8986c7c9,31,31,Mimos,22,Cllaudia Hernandez
f069384a-7dfa-40ef-bfb6-6aa845dbed49,31,119,Niku,201,Ramiro Jiménez Argumedo
5c7ff2ad-fb47-4e43-a830-b916978b2264,30,34,Maximo,74,Glendy Gonzalez
083621dc-3c33-4399-9645-8366fc572be3,30,38,Lavocadería,136,Manuela Monsalve
7dcbf6b7-23ee-44cf-84fd-a016216ecadf,30,51,Maximo,92,King Rojas
536d6033-c8ad-484b-888a-4dac0bcfc046,29,41,Maximo,101,Martha Arias cabarcas
985affbc-c52b-4fd6-ac6b-625cc5a5b752,29,102,ONI Nikkei,129,Cristal Rojas
f5664461-6ccd-4db2-87ba-4c42a46f891b,29,40,Niku,98,Christian Pomares
7d1b5de8-6969-4c8a-93a5-164bf25b9395,29,41,Lavocadería,372,Dians Restrepo
7a6412c2-2823-4ad0-82cb-605b8e16f5a4,29,41,Mimos,51,Susana Valencia
7f40c3c9-e37c-40ce-adc8-3328012fc762,29,49,Lavocadería,232,José Zavala
0da51079-2e34-43fd-941a-0ef70947a706,29,53,Maximo,55,Rosana Andreina Gutiérrez Montes
dd4cf4bb-b760-4a6b-98e0-1294146e1c3c,29,57,Smash Avocadería,21,María Villamediana
48c73d51-fe12-4b7c-8df7-6dca3c8b0ef8,28,59,Niku,61,Miguel Berdugo
ddb579c8-8348-4795-96a4-6cffbabdb832,28,39,Mimos,86,Deisy Rojas
5f09ad53-2c58-4edf-993d-02f031223cd5,28,35,Maximo,61,Diana Martinez Bernal
1e0b1e06-3fcc-45b3-a739-0d2d30a163e8,28,50,Maximo,68,Daniel Pacheco
a9d7665c-b4ba-43ae-97e6-f863933af96d,28,42,Smash Avocadería,420,Marisabel Hernandez
599be1d0-5c0a-487f-b1ab-e32e4913d5a7,28,59,Lavocadería,61,María José Cano
b9923302-3b15-4a5d-90ec-5328f36b82e6,27,37,La Causa,150,César Arango Carmona
860ca4ca-f2da-418c-b877-f0610aa92cd2,27,52,Niku,81,Lina Maria Avila manga
5c28859f-747f-4b0f-9dd3-2611806d21a3,27,65,Niku,59,Ronald Bonfante
d3832107-88fa-426c-99f2-07f9a992f9f6,27,47,Maximo,46,Jorge luis Barboza orozco
c2f0070a-33bb-4600-8eea-e6852fb79da6,27,45,Maximo,27,Xavier Benavidez
b5424242-5de3-465f-889f-38600d1511e4,25,82,Maximo,108,Dayana Cataño
e8281a50-7ca1-4f38-804d-20a1dd7eebcc,25,53,Smash Avocadería,67,Briandy paola Truyol Martinez
9a58acf3-4d35-4650-b4c6-0779b873cbc6,25,61,Niku,94,Andrés Rodríguez
f1e5f77d-92ae-402b-9b8a-47fca2fb7f9e,25,37,Maximo,87,Deiris Pardo Benitez
58fd5e29-b552-4ac6-aeeb-97e40031a5ca,25,99,Mimos,55,Lorena Mendez trespalacios
3647f4a3-f56b-4c4a-a8d7-1e8ad6dda873,24,40,ONI Nikkei,23,Jinalbert alfonso Velásquez contreras
19e3239f-1f1a-4845-a501-39d7d607819f,24,47,Lavocadería,135,Laura Correa
0921c95f-1b17-4bae-9ba1-195a340f2364,24,59,Niku,121,Juan Salas
e0153ab8-37a0-4960-b097-57f07a8d8c8d,24,72,ONI Nikkei,48,Luis Ordoñez
0dd623e6-d6fd-4fe7-a5fc-5452684581a5,23,159,La Causa,284,Yunior Landaeta
f72becc7-1bd2-4ed8-8d98-411340803c33,23,48,Niku,81,Alejandro Sugel
1f2ad31b-390f-4a61-93dc-babe14112782,23,65,Niku,180,Tatiana Martínez vergara
f998429a-eebe-45ad-af61-dd5279286d91,23,47,Niku,33,Erika Johana Giraldo Duque
98dd4dcf-805f-497d-9f8f-c726f3433ccd,22,71,Niku,76,Manuel Blandón
fb7d5a92-cfdb-4328-89b5-dcf0a1f5389c,22,49,Niku,85,Rinelkis Prieto
94f5b1c8-da98-4d8e-8b40-6b384bce9b42,21,52,Niku,58,Liliana Arenas
e19e1d80-5e5b-407e-a2c3-88a179a153a4,20,55,Maximo,36,Kevin Eduardo Hernandez Urbina
ac45641d-8140-4ce3-8583-f8cffb1bc8ec,20,36,Mimos,29,Yulieth Izquierdo
c39e99e5-e222-4074-8a25-659b2c04f525,19,33,Lavocadería,156,Arianna carolina Chirinos Torrealba
414ae7b2-e82f-4ea4-8bae-434aff247069,19,48,Niku,7,Henry Landazábal
a893ac9f-c1f2-48c5-b0e7-2c506ebc9c11,19,51,Smash Avocadería,206,Manuela Tabares
9aa52f7d-212a-486c-a78b-d7c10240b826,17,38,Lavocadería,27,Luisa Fernanda Serna Rodríguez
cef5d60f-d2f1-40e6-aabd-84d2c895899a,16,40,Niku,33,Wilson Galvis
eabec637-e977-46ec-b721-a15a0b0598c2,16,46,Niku,50,Jhon Alejandro Colorado Valencia
1cac9040-65ce-471b-a1b4-449897e60755,16,35,Galilei,11,David Quiñonez
a21ca6c4-f157-4388-95ed-80ac1459d1ff,16,39,Maximo,36,Jose Guerrero
